<?xml version="1.0" encoding="utf-8"?>
<!DOCTYPE hibernate-mapping PUBLIC "-//Hibernate/Hibernate Mapping DTD 3.0//EN"
"http://www.hibernate.org/dtd/hibernate-mapping-3.0.dtd">
<!-- 
    Mapping file autogenerated by MyEclipse Persistence Tools
-->
<hibernate-mapping>
    <class name="com.bbs.ssh.entity.Question" table="question" catalog="bbs">
        <id name="qid" type="java.lang.Integer">
            <column name="qid" />
            <generator class="native" />
        </id>
        <many-to-one name="user" class="com.bbs.ssh.entity.User" fetch="select">
            <column name="uid" />
        </many-to-one>
        <property name="title" type="java.lang.String">
            <column name="title" length="60" not-null="true" />
        </property>
        <property name="content" type="java.lang.String">
            <column name="content" length="65535" not-null="true" />
        </property>
        <property name="wtime" type="java.lang.String">
            <column name="wtime" length="60" not-null="true" />
        </property>
        <set name="replies" inverse="true" cascade="delete">
            <key>
                <column name="qid" not-null="true" />
            </key>
            <one-to-many class="com.bbs.ssh.entity.Reply" />
        </set>
    </class>
</hibernate-mapping>
