<?xml version="1.0" encoding="utf-8"?>
<!DOCTYPE hibernate-mapping PUBLIC "-//Hibernate/Hibernate Mapping DTD 3.0//EN"
"http://www.hibernate.org/dtd/hibernate-mapping-3.0.dtd">
<!-- 
    Mapping file autogenerated by MyEclipse Persistence Tools
-->
<hibernate-mapping>
    <class name="com.bbs.ssh.entity.Reply" table="reply" catalog="bbs">
        <id name="rid" type="java.lang.Integer">
            <column name="rid" />
            <generator class="native" />
        </id>
        <many-to-one name="user" class="com.bbs.ssh.entity.User" fetch="select">
            <column name="fromuser" not-null="true" />
        </many-to-one>
        <many-to-one name="question" class="com.bbs.ssh.entity.Question" fetch="select">
            <column name="qid" not-null="true" />
        </many-to-one>
        <property name="touser" type="java.lang.Integer">
            <column name="touser" />
        </property>
        <property name="content" type="java.lang.String">
            <column name="content" length="60" not-null="true" />
        </property>
        <property name="rtime" type="java.lang.String">
            <column name="rtime" length="60" not-null="true" />
        </property>
    </class>
</hibernate-mapping>
