<?xml version="1.0" encoding="utf-8"?>
<!DOCTYPE hibernate-mapping PUBLIC "-//Hibernate/Hibernate Mapping DTD 3.0//EN"
"http://www.hibernate.org/dtd/hibernate-mapping-3.0.dtd">
<!-- 
    Mapping file autogenerated by MyEclipse Persistence Tools
-->
<hibernate-mapping>
    <class name="com.bbs.ssh.entity.User" table="user" catalog="bbs">
        <id name="uid" type="java.lang.Integer">
            <column name="uid" />
            <generator class="native" />
        </id>
        <property name="pwd" type="java.lang.String">
            <column name="pwd" length="20" not-null="true" />
        </property>
        <property name="role"></property>
        <property name="name" type="java.lang.String">
            <column name="name" length="10" not-null="true" />
        </property>
        <property name="num" type="java.lang.String">
            <column name="num" length="11" not-null="true" />
        </property>
        <set name="replies" inverse="true" cascade="delete">
            <key>
                <column name="fromuser" not-null="true" />
            </key>
            <one-to-many class="com.bbs.ssh.entity.Reply" />
        </set>
        <set name="questions" inverse="true" cascade="delete">
            <key>
                <column name="uid" />
            </key>
            <one-to-many class="com.bbs.ssh.entity.Question" />
        </set>
    </class>
</hibernate-mapping>
