<?xml version="1.0" encoding="UTF-8"?>
<beans xmlns="http://www.springframework.org/schema/beans"
	xmlns:xsi="http://www.w3.org/2001/XMLSchema-instance"
	xmlns:context="http://www.springframework.org/schema/context"
	xmlns:aop="http://www.springframework.org/schema/aop"
	xmlns:tx="http://www.springframework.org/schema/tx"
	xsi:schemaLocation="http://www.springframework.org/schema/beans 
	http://www.springframework.org/schema/beans/spring-beans.xsd
	http://www.springframework.org/schema/context
	http://www.springframework.org/schema/context/spring-context.xsd
	http://www.springframework.org/schema/aop
	http://www.springframework.org/schema/aop/spring-aop.xsd
	http://www.springframework.org/schema/tx
	http://www.springframework.org/schema/tx/spring-tx.xsd">
	
	  <!-- 使用 annotation -->  
    <context:annotation-config />  
    <!-- 使用 annotation 自动注册bean,并检查@Controller, @Service, @Repository注解已被注入 -->   
    <context:component-scan base-package="com.bbs.ssh.*" /> 
	<!-- 配置c3p0连接池 -->
	<bean id="dataSource" class="com.mchange.v2.c3p0.ComboPooledDataSource">
		<!-- 注入属性值 -->
		<property name="driverClass" value="com.mysql.jdbc.Driver"></property>
		<property name="jdbcUrl" value="jdbc:mysql:///bbs"></property>
		<property name="user" value="root"></property>
		<property name="password" value="123"></property>
	</bean>
	
	<!-- sessionFactory创建交给spring管理 -->
	<bean id="sessionFactory" class="org.springframework.orm.hibernate5.LocalSessionFactoryBean">
		<!-- 因为在hibernate核心配置文件中，没有数据库配置，数据库配置在spring里面配置，注入dataSource -->
		<property name="dataSource" ref="dataSource"></property>
		
		<!-- 指定使用hibernate核心配置文件 -->
	<!-- 	<property name="configLocations" value="classpath:hibernate.cfg.xml"></property>  -->
		
		<!-- 配置hibernate基本信息 -->
		<property name="hibernateProperties">
			<props>
				<prop key="hibernate.show_sql">true</prop>
				<prop key="hibernate.format_sql">true</prop>
				<prop key="hibernate.hbm2ddl.auto">update</prop>
				<prop key="hibernate.dialect">org.hibernate.dialect.MySQLDialect</prop>
			</props>
		</property>
		<property name="mappingResources">
			<list>
				
				<value>com/bbs/ssh/entity/Question.hbm.xml</value>
				<value>com/bbs/ssh/entity/Reply.hbm.xml</value>
				<value>com/bbs/ssh/entity/User.hbm.xml</value>
			</list>
		</property> 

		
	</bean>
	
	<!-- 第一步 配置事务管理器 -->
	<bean id="transactionManager" class="org.springframework.orm.hibernate5.HibernateTransactionManager">
		<!--注入sessionFactory-->
		<property name="sessionFactory" ref="sessionFactory"></property>
	</bean>
	
	<!-- 第二步 开启事务注解 -->
	<tx:annotation-driven transaction-manager="transactionManager"/>
	

	<bean id="hibernateTemplate" class="org.springframework.orm.hibernate5.HibernateTemplate">
		<!-- 注入sessionFactory -->
		<property name="sessionFactory" ref="sessionFactory"></property>
	</bean>
	


	
</beans>










